id,name,system
344476073,ac-library,aarch64-darwin
344477580,alan_2,aarch64-linux
344477581,alan_2,x86_64-linux
344478766,archivemount,aarch64-darwin
344479671,ath9k-htc-blobless-firmware-unstable,aarch64-linux
344479658,ath9k-htc-blobless-firmware-unstable,x86_64-linux
344479659,ath9k-htc-blobless-firmware,aarch64-linux
344479664,ath9k-htc-blobless-firmware,x86_64-linux
344479708,atmos,aarch64-darwin
344480253,ax25-tools,aarch64-linux
344480246,ax25-tools,x86_64-linux
344480338,azure-cli-extensions.alias,aarch64-darwin
344480342,azure-cli-extensions.alias,aarch64-linux
344480340,azure-cli-extensions.alias,x86_64-linux
344480661,azure-cli-extensions.k8s-configuration,aarch64-darwin
344480646,azure-cli-extensions.k8s-configuration,aarch64-linux
344480636,azure-cli-extensions.k8s-configuration,x86_64-linux
344480811,azure-cli-extensions.serial-console,aarch64-darwin
344480810,azure-cli-extensions.serial-console,aarch64-linux
344480814,azure-cli-extensions.serial-console,x86_64-linux
344480830,azure-cli-extensions.stack-hci-vm,aarch64-darwin
344480826,azure-cli-extensions.stack-hci-vm,aarch64-linux
344480824,azure-cli-extensions.stack-hci-vm,x86_64-linux
344480899,azure-cli-extensions.webpubsub,aarch64-darwin
344480950,azure-sdk-for-cpp.security-attestation,aarch64-linux
344480951,azure-sdk-for-cpp.security-attestation,x86_64-linux
344481491,beadwork,aarch64-linux
344482932,bootil,aarch64-darwin
344482999,boulder,aarch64-darwin
344483237,brutus,aarch64-darwin
344483425,bugdom,aarch64-darwin
344484603,casacore,aarch64-darwin
344484790,cbmbasic,aarch64-darwin
344484925,cdecl,aarch64-darwin
344485173,cfv,aarch64-darwin
344485918,chickenPackages_5.chickenEggs.fusion-arrays,aarch64-darwin
344486067,chickenPackages_5.chickenEggs.hypergiant,aarch64-darwin
344486178,chickenPackages_5.chickenEggs.libyaml,aarch64-darwin
344486174,chickenPackages_5.chickenEggs.libyaml,aarch64-linux
344487288,chipsec,aarch64-darwin
344487297,chipsec,aarch64-linux
344487309,chipsec,x86_64-linux
344487735,clfft,aarch64-darwin
344488306,cocom-tool-set,aarch64-darwin
344489007,convos,aarch64-darwin
344489008,convos,aarch64-linux
344489011,convos,x86_64-linux
344489128,coqPackages.dpdgraph,aarch64-darwin
344489378,coq_8_7,aarch64-linux
344489371,coq_8_7,x86_64-linux
344489365,coq_8_8,aarch64-linux
344489363,coq_8_8,x86_64-linux
344489373,coq_8_9,aarch64-linux
344489368,coq_8_9,x86_64-linux
344489466,cortex-tools,aarch64-darwin
344489462,cortex-tools,aarch64-linux
344489470,cortex-tools,x86_64-linux
344489578,cosmopolitan,x86_64-linux
344489629,cp437,aarch64-darwin
344489690,cpond,aarch64-darwin
344489698,cppclean,aarch64-linux
344489675,cppclean,x86_64-linux
344490570,d-seams,x86_64-linux
344491437,dgop,aarch64-darwin
344491535,dico,aarch64-darwin
344491805,diskbloom,aarch64-linux
344491801,diskbloom,x86_64-linux
344492037,dnadd,aarch64-darwin
344492101,dnslink-std-go,aarch64-darwin
344492244,dockapps.wmsm-app,aarch64-darwin
344492947,dotnetCorePackages.sdk_11_0-bin,aarch64-linux
344492948,dotnetCorePackages.sdk_11_0_1xx-bin,aarch64-linux
344493052,dovecot_pigeonhole,aarch64-darwin
344493053,dovecot_pigeonhole_2_4,aarch64-darwin
344494342,elmPackages.elm-wrap,aarch64-darwin
344494491,emmy-lua-code-style,aarch64-darwin
344494528,empserver,aarch64-linux
344494568,enca,aarch64-linux
344494955,ete-unwrapped,aarch64-darwin
344495137,exfat,aarch64-darwin
344495694,fbv,aarch64-darwin
344495790,fcron,aarch64-darwin
344496713,fleng,aarch64-darwin
344496986,fmt_10,aarch64-darwin
344497001,fmt_9,aarch64-darwin
344497474,freebsd.acpi,aarch64-linux
344497490,freebsd.acpi,x86_64-linux
344497478,freebsd.apm,aarch64-linux
344497480,freebsd.apm,x86_64-linux
344497473,freebsd.autofs,aarch64-linux
344497482,freebsd.autofs,x86_64-linux
344497484,freebsd.backlight,aarch64-linux
344497495,freebsd.backlight,x86_64-linux
344497488,freebsd.cp,aarch64-linux
344497483,freebsd.cp,x86_64-linux
344497487,freebsd.daemon,aarch64-linux
344497486,freebsd.daemon,x86_64-linux
344497492,freebsd.devfs,aarch64-linux
344497491,freebsd.devfs,x86_64-linux
344497512,freebsd.env,aarch64-linux
344497502,freebsd.env,x86_64-linux
344497509,freebsd.getent,aarch64-linux
344497514,freebsd.getent,x86_64-linux
344497520,freebsd.iconv,aarch64-linux
344497524,freebsd.iconv,x86_64-linux
344497515,freebsd.id,aarch64-linux
344497522,freebsd.id,x86_64-linux
344497528,freebsd.libbsdxml,aarch64-linux
344497530,freebsd.libbsdxml,x86_64-linux
344497585,freebsd.libc-conf,aarch64-linux
344497532,freebsd.libc-conf,x86_64-linux
344497539,freebsd.libdevctl,aarch64-linux
344497540,freebsd.libdevctl,x86_64-linux
344497596,freebsd.libifconfig,aarch64-linux
344497553,freebsd.libifconfig,x86_64-linux
344497595,freebsd.libipsec,aarch64-linux
344497555,freebsd.libipsec,x86_64-linux
344497557,freebsd.libjail,aarch64-linux
344497556,freebsd.libjail,x86_64-linux
344497589,freebsd.libkiconv,aarch64-linux
344497558,freebsd.libkiconv,x86_64-linux
344497564,freebsd.libncurses-tinfo,aarch64-linux
344497562,freebsd.libncurses-tinfo,x86_64-linux
344497573,freebsd.libnvmf,aarch64-linux
344497602,freebsd.libnvmf,x86_64-linux
344497581,freebsd.libradius,aarch64-linux
344497579,freebsd.libradius,x86_64-linux
344497601,freebsd.libstdthreads,aarch64-linux
344497591,freebsd.libstdthreads,x86_64-linux
344497588,freebsd.libsysdecode,aarch64-linux
344497620,freebsd.libsysdecode,x86_64-linux
344497583,freebsd.libufs,aarch64-linux
344497586,freebsd.libufs,x86_64-linux
344497584,freebsd.libxo,aarch64-linux
344497587,freebsd.libxo,x86_64-linux
344497590,freebsd.locale,aarch64-linux
344497613,freebsd.locale,x86_64-linux
344497610,freebsd.logger,aarch64-linux
344497592,freebsd.logger,x86_64-linux
344497616,freebsd.make,aarch64-linux
344497603,freebsd.make,x86_64-linux
344497597,freebsd.makeMinimal,aarch64-darwin
344497624,freebsd.newfs_msdos,aarch64-linux
344497649,freebsd.newfs_msdos,x86_64-linux
344497627,freebsd.newsyslog,aarch64-linux
344497637,freebsd.newsyslog,x86_64-linux
344497631,freebsd.powerd,aarch64-linux
344497633,freebsd.powerd,x86_64-linux
344497640,freebsd.protect,aarch64-linux
344497629,freebsd.protect,x86_64-linux
344497653,freebsd.pwd_mkdb,aarch64-linux
344497634,freebsd.pwd_mkdb,x86_64-linux
344497635,freebsd.reboot,aarch64-linux
344497655,freebsd.reboot,x86_64-linux
344497651,freebsd.shutdown,aarch64-linux
344497648,freebsd.shutdown,x86_64-linux
344497652,freebsd.sort,aarch64-linux
344497654,freebsd.sort,x86_64-linux
344497665,freebsd.stat,aarch64-linux
344497675,freebsd.stat,x86_64-linux
344497666,freebsd.swapon,aarch64-linux
344497658,freebsd.swapon,x86_64-linux
344497667,freebsd.uathload,aarch64-linux
344497669,freebsd.uathload,x86_64-linux
344497682,freebsd.xf86-video-scfb,aarch64-darwin
344497678,freebsd.xf86-video-scfb,aarch64-linux
344497674,freebsd.xf86-video-scfb,x86_64-linux
344497740,freepv,aarch64-darwin
344498173,g15daemon,aarch64-darwin
344498463,gawkextlib.select,aarch64-darwin
344498550,gccNGPackages.gcc-unwrapped,aarch64-darwin
344498620,gccNGPackages_15.gcc-unwrapped,aarch64-darwin
344499148,gerbera,aarch64-linux
344499129,gerbera,x86_64-linux
344499207,getxbook,aarch64-darwin
344500138,gitbeaker-cli,aarch64-linux
344500881,gnat16Packages.gpr2,aarch64-linux
344500823,gnat16Packages.gpr2,x86_64-linux
344505351,gradm,aarch64-linux
344506239,guile-git,aarch64-darwin
344506704,hashcash,aarch64-darwin
344515057,haskellPackages.gi-gst,x86_64-linux
344529428,hdate,aarch64-darwin
344529701,hexagonrpc,aarch64-darwin
344530671,httpstat,aarch64-darwin
344530658,httpstat,aarch64-linux
344530661,httpstat,x86_64-linux
344532062,icesprog,aarch64-darwin
344532215,id3,aarch64-darwin
344533903,jasterix,aarch64-darwin
344534049,jbofihe,aarch64-darwin
344534803,julia_110,aarch64-darwin
344534799,julia_110,aarch64-linux
344534797,julia_110,x86_64-linux
344534807,julia_111,aarch64-darwin
344536602,ketch,aarch64-darwin
344536733,kgt,aarch64-darwin
344537172,kodiPackages.plex-for-kodi,aarch64-darwin
344537387,kore,aarch64-darwin
344537665,kubectl-kcl,aarch64-darwin
344537685,kubectl-kcl,aarch64-linux
344537678,kubectl-kcl,x86_64-linux
344538009,ladybugdb,aarch64-darwin
344538055,landrun,aarch64-linux
344538294,lcm,aarch64-darwin
344538346,lean,aarch64-darwin
344538353,lean3,aarch64-darwin
344538673,lib45d,aarch64-linux
344538674,lib45d,x86_64-linux
344538910,libcardiacarrest,aarch64-darwin
344539016,libcork,aarch64-darwin
344539100,libcue-lang,aarch64-darwin
344539084,libcutl,aarch64-darwin
344539253,libeconf,aarch64-darwin
344539304,libesmtp,aarch64-darwin
344539368,libexecinfo,aarch64-darwin
344539440,libfsm,aarch64-darwin
344539695,libigloo,aarch64-darwin
344539785,libinjection,aarch64-darwin
344539844,libixion,aarch64-darwin
344539836,libkiwix,aarch64-darwin
344539946,liblastfm-vambrose,aarch64-darwin
344539888,liblbfgs,aarch64-darwin
344540301,libopensmtpd,aarch64-darwin
344540445,libpisp,aarch64-darwin
344540455,libpkgmanifest,aarch64-darwin
344541237,libserdes,aarch64-darwin
344541236,libserdes,aarch64-linux
344541238,libserdes,x86_64-linux
344541342,libspf2,aarch64-darwin
344541485,libtapi,aarch64-linux
344541511,libtorrent-rasterbar-1_2_x,aarch64-linux
344541514,libtorrent-rasterbar-1_2_x,x86_64-linux
344541555,libucontext,aarch64-linux
344541578,libui-ng,aarch64-darwin
344541554,libui,aarch64-darwin
344542030,lice,aarch64-darwin
344542031,lice,aarch64-linux
344542032,lice,x86_64-linux
344542373,linuxKernel.packages.linux_5_10.acer-wmi-battery,aarch64-linux
344542412,linuxKernel.packages.linux_5_10.ax99100,aarch64-linux
344542395,linuxKernel.packages.linux_5_10.chipsec,x86_64-linux
344542468,linuxKernel.packages.linux_5_10.it87,x86_64-linux
344542465,linuxKernel.packages.linux_5_10.mbp2018-bridge-drv,aarch64-linux
344542456,linuxKernel.packages.linux_5_10.mbp2018-bridge-drv,x86_64-linux
344542500,linuxKernel.packages.linux_5_10.nvidia_x11_beta_open,aarch64-linux
344542490,linuxKernel.packages.linux_5_10.nvidia_x11_beta_open,x86_64-linux
344542517,linuxKernel.packages.linux_5_10.nvidia_x11_vulkan_beta_open,aarch64-linux
344542482,linuxKernel.packages.linux_5_10.nvidia_x11_vulkan_beta_open,x86_64-linux
344542507,linuxKernel.packages.linux_5_10.rtl8188eus-aircrack,aarch64-linux
344542532,linuxKernel.packages.linux_5_10.rtl8188eus-aircrack,x86_64-linux
344542582,linuxKernel.packages.linux_5_10.tbs,aarch64-linux
344542553,linuxKernel.packages.linux_5_10.tsme-test,aarch64-linux
344542558,linuxKernel.packages.linux_5_10.tuxedo-drivers,x86_64-linux
344542571,linuxKernel.packages.linux_5_10.universal-pidff,aarch64-linux
344542576,linuxKernel.packages.linux_5_10.universal-pidff,x86_64-linux
344542589,linuxKernel.packages.linux_5_10.xpadneo,aarch64-linux
344542585,linuxKernel.packages.linux_5_10.xpadneo,x86_64-linux
344542595,linuxKernel.packages.linux_5_15.acer-wmi-battery,aarch64-linux
344542631,linuxKernel.packages.linux_5_15.amneziawg,aarch64-linux
344542623,linuxKernel.packages.linux_5_15.amneziawg,x86_64-linux
344542615,linuxKernel.packages.linux_5_15.ax99100,aarch64-linux
344542627,linuxKernel.packages.linux_5_15.chipsec,x86_64-linux
344542669,linuxKernel.packages.linux_5_15.ena,aarch64-linux
344542649,linuxKernel.packages.linux_5_15.ena,x86_64-linux
344542684,linuxKernel.packages.linux_5_15.mbp2018-bridge-drv,aarch64-linux
344542700,linuxKernel.packages.linux_5_15.mbp2018-bridge-drv,x86_64-linux
344542699,linuxKernel.packages.linux_5_15.nvidia_x11_beta_open,aarch64-linux
344542701,linuxKernel.packages.linux_5_15.nvidia_x11_beta_open,x86_64-linux
344542707,linuxKernel.packages.linux_5_15.nvidia_x11_vulkan_beta_open,aarch64-linux
344542718,linuxKernel.packages.linux_5_15.nvidia_x11_vulkan_beta_open,x86_64-linux
344542733,linuxKernel.packages.linux_5_15.rtl8188eus-aircrack,aarch64-linux
344542759,linuxKernel.packages.linux_5_15.rtl8188eus-aircrack,x86_64-linux
344542798,linuxKernel.packages.linux_5_15.tbs,aarch64-linux
344542780,linuxKernel.packages.linux_5_15.tsme-test,aarch64-linux
344542809,linuxKernel.packages.linux_5_15.universal-pidff,aarch64-linux
344542787,linuxKernel.packages.linux_5_15.universal-pidff,x86_64-linux
344542814,linuxKernel.packages.linux_5_15.xpadneo,aarch64-linux
344542826,linuxKernel.packages.linux_5_15.xpadneo,x86_64-linux
344542831,linuxKernel.packages.linux_6_1.acer-wmi-battery,aarch64-linux
344542855,linuxKernel.packages.linux_6_1.ax99100,aarch64-linux
344542892,linuxKernel.packages.linux_6_1.chipsec,x86_64-linux
344542882,linuxKernel.packages.linux_6_1.ena,aarch64-linux
344542871,linuxKernel.packages.linux_6_1.ena,x86_64-linux
344542924,linuxKernel.packages.linux_6_1.lttng-modules,aarch64-linux
344542913,linuxKernel.packages.linux_6_1.lttng-modules,x86_64-linux
344542915,linuxKernel.packages.linux_6_1.mbp2018-bridge-drv,aarch64-linux
344542955,linuxKernel.packages.linux_6_1.mbp2018-bridge-drv,x86_64-linux
344542961,linuxKernel.packages.linux_6_1.morse-driver,aarch64-linux
344542939,linuxKernel.packages.linux_6_1.morse-driver,x86_64-linux
344543005,linuxKernel.packages.linux_6_1.tbs,aarch64-linux
344543030,linuxKernel.packages.linux_6_1.tsme-test,aarch64-linux
344543019,linuxKernel.packages.linux_6_1.universal-pidff,aarch64-linux
344543364,linuxKernel.packages.linux_6_18.lttng-modules,aarch64-linux
344543399,linuxKernel.packages.linux_6_18.mbp2018-bridge-drv,aarch64-linux
344543383,linuxKernel.packages.linux_6_18.msi-ec,aarch64-linux
344543495,linuxKernel.packages.linux_6_6.acer-wmi-battery,aarch64-linux
344543508,linuxKernel.packages.linux_6_6.ax99100,aarch64-linux
344543565,linuxKernel.packages.linux_6_6.chipsec,x86_64-linux
344543584,linuxKernel.packages.linux_6_6.lttng-modules,aarch64-linux
344543585,linuxKernel.packages.linux_6_6.lttng-modules,x86_64-linux
344543620,linuxKernel.packages.linux_6_6.mbp2018-bridge-drv,aarch64-linux
344543587,linuxKernel.packages.linux_6_6.mbp2018-bridge-drv,x86_64-linux
344543679,linuxKernel.packages.linux_6_6.tbs,aarch64-linux
344543700,linuxKernel.packages.linux_6_6.tbs,x86_64-linux
344543687,linuxKernel.packages.linux_6_6.tsme-test,aarch64-linux
344543705,linuxKernel.packages.linux_6_6.universal-pidff,aarch64-linux
344543972,linuxKernel.packages.linux_7_2.acer-wmi-battery,aarch64-linux
344543960,linuxKernel.packages.linux_7_2.ajantv2,aarch64-linux
344543969,linuxKernel.packages.linux_7_2.corefreq,aarch64-linux
344544067,linuxKernel.packages.linux_7_2.lkrg,aarch64-linux
344544068,linuxKernel.packages.linux_7_2.lttng-modules,aarch64-linux
344544031,linuxKernel.packages.linux_7_2.mbp2018-bridge-drv,aarch64-linux
344544069,linuxKernel.packages.linux_7_2.nvidia_x11_beta_open,aarch64-linux
344544073,linuxKernel.packages.linux_7_2.nvidia_x11_vulkan_beta_open,aarch64-linux
344544087,linuxKernel.packages.linux_7_2.rtl88x2bu,aarch64-linux
344544695,linuxPackages.acer-wmi-battery,aarch64-linux
344544872,linuxPackages.tsme-test,aarch64-linux
344544962,linuxPackages_latest.evdi,aarch64-linux
344544969,linuxPackages_latest.gasket,aarch64-linux
344545009,linuxPackages_latest.msi-ec,aarch64-linux
344545053,linuxPackages_latest.rtl8188eus-aircrack,aarch64-linux
344545055,linuxPackages_latest.rtl8189es,aarch64-linux
344545054,linuxPackages_latest.rtl8189fs,aarch64-linux
344545061,linuxPackages_latest.rtl8821cu,aarch64-linux
344545084,linuxPackages_latest.tsme-test,aarch64-linux
344545823,live555,aarch64-darwin
344546326,llvmPackages.libc-overlay,aarch64-linux
344546337,llvmPackages.libc-overlay,x86_64-linux
344546318,llvmPackages.libc,aarch64-linux
344546336,llvmPackages.libc,x86_64-linux
344546392,llvmPackages_18.compiler-rt-libc,aarch64-darwin
344546386,llvmPackages_18.compiler-rt,aarch64-darwin
344546436,llvmPackages_18.mlir,aarch64-linux
344546446,llvmPackages_18.mlir,x86_64-linux
344546581,llvmPackages_19.mlir,aarch64-linux
344546556,llvmPackages_19.mlir,x86_64-linux
344546867,llvmPackages_20.libc-overlay,aarch64-linux
344546682,llvmPackages_20.libc-overlay,x86_64-linux
344546866,llvmPackages_20.libc,aarch64-linux
344546683,llvmPackages_20.libc,x86_64-linux
344546679,llvmPackages_20.mlir,aarch64-darwin
344546680,llvmPackages_20.mlir,aarch64-linux
344546681,llvmPackages_20.mlir,x86_64-linux
344546774,llvmPackages_21.libc-overlay,aarch64-linux
344546769,llvmPackages_21.libc-overlay,x86_64-linux
344546765,llvmPackages_21.libc,aarch64-linux
344546768,llvmPackages_21.libc,x86_64-linux
344546885,llvmPackages_22.compiler-rt-no-libc,aarch64-linux
344547010,llvmPackages_23.compiler-rt-no-libc,aarch64-linux
344547041,llvmPackages_23.libllvm,aarch64-darwin
344547110,llvmPackages_23.lldb,aarch64-linux
344547056,llvmPackages_23.lldb,x86_64-linux
344547062,llvmPackages_23.llvm,aarch64-darwin
344547072,llvmPackages_23.openmp,aarch64-linux
344547073,llvmPackages_23.openmp,x86_64-linux
344547354,loki,aarch64-darwin
344547747,lttoolbox,aarch64-darwin
344552129,maiko,aarch64-darwin
344552298,mallard-ducktype,aarch64-darwin
344552251,mallard-ducktype,aarch64-linux
344552252,mallard-ducktype,x86_64-linux
344552826,mathemagix,x86_64-linux
344553443,meh,aarch64-linux
344553438,meh,x86_64-linux
344553694,metapixel,aarch64-darwin
344553812,micronucleus,aarch64-darwin
344553837,micropython,aarch64-darwin
344553832,micropython,aarch64-linux
344553825,micropython,x86_64-linux
344554422,mlton20130715,x86_64-linux
344554413,mlton20210117,aarch64-darwin
344554536,mobsql,aarch64-darwin
344554786,moosefs,aarch64-darwin
344555001,mosml,aarch64-darwin
344555182,mpich-pmix,aarch64-darwin
344555178,mpich,aarch64-darwin
344555491,mrpack-install,aarch64-darwin
344555506,mrustc-bootstrap,x86_64-linux
344555535,msieve,aarch64-darwin
344555556,mspds,aarch64-darwin
344555558,mspds,aarch64-linux
344555564,mspds,x86_64-linux
344555694,multipart-parser-c,aarch64-darwin
344555913,mygpoclient,aarch64-darwin
344555919,mygpoclient,aarch64-linux
344556116,nanobench,aarch64-darwin
344556997,netbsd.libcurses,aarch64-linux
344556924,netbsd.libcurses,x86_64-linux
344556943,netbsd.locale,aarch64-linux
344557000,netbsd.locale,x86_64-linux
344556977,netbsd.make,aarch64-linux
344556947,netbsd.make,x86_64-linux
344556949,netbsd.man,aarch64-linux
344556941,netbsd.man,x86_64-linux
344557006,netclient,aarch64-darwin
344557025,netfoil,aarch64-darwin
344557076,netperf,aarch64-darwin
344557186,newlib-nano,aarch64-darwin
344557205,newlib-nano,aarch64-linux
344557182,newlib,aarch64-darwin
344557188,newlib,aarch64-linux
344557324,ngadmin,aarch64-darwin
344557402,nihstro,aarch64-darwin
344559017,ntp,aarch64-darwin
344559217,nvidia-mig-parted,aarch64-darwin
344559418,obitools3,aarch64-darwin
344559415,obitools3,aarch64-linux
344559416,obitools3,x86_64-linux
344559991,ocamlPackages.class_group_vdf,aarch64-darwin
344560459,ocamlPackages.ecaml,aarch64-darwin
344561103,ocamlPackages.janeStreet.ecaml,aarch64-darwin
344561254,ocamlPackages.janeStreet.janestreet_cpuid,aarch64-darwin
344561169,ocamlPackages.janeStreet.janestreet_cpuid,aarch64-linux
344561480,ocamlPackages.janestreet_cpuid,aarch64-darwin
344561482,ocamlPackages.janestreet_cpuid,aarch64-linux
344561695,ocamlPackages.llvm,aarch64-darwin
344563128,ocamlPackages.stog,aarch64-darwin
344564003,ocamlPackages_latest.class_group_vdf,aarch64-darwin
344564386,ocamlPackages_latest.ecaml,aarch64-darwin
344565063,ocamlPackages_latest.janeStreet.ecaml,aarch64-darwin
344565138,ocamlPackages_latest.janeStreet.janestreet_cpuid,aarch64-darwin
344565139,ocamlPackages_latest.janeStreet.janestreet_cpuid,aarch64-linux
344564945,ocamlPackages_latest.janestreet_cpuid,aarch64-darwin
344564941,ocamlPackages_latest.janestreet_cpuid,aarch64-linux
344565627,ocamlPackages_latest.llvm,aarch64-darwin
344567103,ocamlPackages_latest.stog,aarch64-darwin
344568049,onednn_2,aarch64-linux
344568281,openarc,aarch64-darwin
344568335,openbsd.cap_mkdb,aarch64-linux
344568329,openbsd.cap_mkdb,x86_64-linux
344568340,openbsd.makedev,aarch64-linux
344568385,openbsd.mount,aarch64-linux
344568344,openbsd.mount,x86_64-linux
344568348,openbsd.pfctl,aarch64-linux
344568347,openbsd.pfctl,x86_64-linux
344568352,openbsd.su,aarch64-linux
344568350,openbsd.su,x86_64-linux
344568351,openbsd.sysctl,aarch64-linux
344568363,openbsd.sysctl,x86_64-linux
344568410,opencomposite,aarch64-darwin
344568737,openpa,aarch64-darwin
344569352,osmctools,aarch64-darwin
344569396,osrm-backend,aarch64-darwin
344569506,outguess,aarch64-darwin
344569841,pam_xdg,aarch64-darwin
344569844,pam_xdg,aarch64-linux
344569836,paml,aarch64-darwin
344570253,paqet,aarch64-darwin
344570351,partclone-utils,aarch64-darwin
344570550,paxtest,aarch64-linux
344570545,paxtest,x86_64-linux
344570590,pcalc,aarch64-darwin
344582807,php82Extensions.event,aarch64-darwin
344582780,php82Extensions.event,aarch64-linux
344582785,php82Extensions.event,x86_64-linux
344583081,php83Extensions.event,aarch64-darwin
344583123,php83Extensions.event,aarch64-linux
344583099,php83Extensions.event,x86_64-linux
344583434,php84Extensions.event,aarch64-darwin
344583462,php84Extensions.event,aarch64-linux
344583435,php84Extensions.event,x86_64-linux
344583826,php85Extensions.event,aarch64-darwin
344583785,php85Extensions.event,aarch64-linux
344583840,php85Extensions.event,x86_64-linux
344584117,phpExtensions.event,aarch64-darwin
344584118,phpExtensions.event,aarch64-linux
344584121,phpExtensions.event,x86_64-linux
344584470,phytool,aarch64-darwin
344584507,picat,aarch64-darwin
344584519,picolibc,aarch64-darwin
344585504,pkgsRocm.spla,x86_64-linux
344585536,pkgsRocm.umpire,x86_64-linux
344585841,pmars-x11,aarch64-darwin
344585866,pnetcdf,aarch64-darwin
344586003,poetryPlugins.poetry-plugin-poeblix,aarch64-darwin
344586008,poetryPlugins.poetry-plugin-poeblix,aarch64-linux
344586006,poetryPlugins.poetry-plugin-poeblix,x86_64-linux
344587267,postgresql19Packages.apache_datasketches,aarch64-darwin
344587271,postgresql19Packages.apache_datasketches,aarch64-linux
344587309,postgresql19Packages.apache_datasketches,x86_64-linux
344587362,postgresql19Packages.omnigres,aarch64-darwin
344587273,postgresql19Packages.omnigres,aarch64-linux
344587391,postgresql19Packages.omnigres,x86_64-linux
344587288,postgresql19Packages.pg_bigm,aarch64-darwin
344587291,postgresql19Packages.pg_bigm,aarch64-linux
344587302,postgresql19Packages.pg_bigm,x86_64-linux
344587292,postgresql19Packages.pg_cron,aarch64-darwin
344587303,postgresql19Packages.pg_cron,aarch64-linux
344587296,postgresql19Packages.pg_cron,x86_64-linux
344587305,postgresql19Packages.pg_hll,aarch64-darwin
344587314,postgresql19Packages.pg_hll,aarch64-linux
344587321,postgresql19Packages.pg_hll,x86_64-linux
344587306,postgresql19Packages.pg_ivm,aarch64-darwin
344587307,postgresql19Packages.pg_ivm,aarch64-linux
344587346,postgresql19Packages.pg_ivm,x86_64-linux
344587336,postgresql19Packages.pg_similarity,aarch64-darwin
344587337,postgresql19Packages.pg_similarity,aarch64-linux
344587338,postgresql19Packages.pg_similarity,x86_64-linux
344587342,postgresql19Packages.pg_textsearch,aarch64-darwin
344587363,postgresql19Packages.pg_textsearch,aarch64-linux
344587389,postgresql19Packages.pg_textsearch,x86_64-linux
344587365,postgresql19Packages.pg_tle,aarch64-darwin
344587348,postgresql19Packages.pg_tle,aarch64-linux
344587350,postgresql19Packages.pg_tle,x86_64-linux
344587411,postgresql19Packages.repmgr,aarch64-darwin
344587412,postgresql19Packages.repmgr,aarch64-linux
344587428,postgresql19Packages.repmgr,x86_64-linux
344587414,postgresql19Packages.rum,aarch64-darwin
344587458,postgresql19Packages.rum,aarch64-linux
344587416,postgresql19Packages.rum,x86_64-linux
344587420,postgresql19Packages.tds_fdw,aarch64-darwin
344587585,postgresql19Packages.tds_fdw,aarch64-linux
344587422,postgresql19Packages.tds_fdw,x86_64-linux
344587427,postgresql19Packages.temporal_tables,aarch64-darwin
344587682,postgresql19Packages.temporal_tables,aarch64-linux
344587463,postgresql19Packages.temporal_tables,x86_64-linux
344587483,postgresql19Packages.wal2json,aarch64-darwin
344587429,postgresql19Packages.wal2json,aarch64-linux
344587432,postgresql19Packages.wal2json,x86_64-linux
344588275,prometheus-mikrotik-exporter,aarch64-darwin
344588794,pspy,aarch64-darwin
344589236,pyp,aarch64-darwin
344589225,pyp,aarch64-linux
344589251,pyp,x86_64-linux
344590106,python313Packages.aiotools,aarch64-darwin
344590101,python313Packages.aiotools,aarch64-linux
344590111,python313Packages.aiotools,x86_64-linux
344591077,python313Packages.allure-pytest,aarch64-darwin
344591102,python313Packages.allure-pytest,aarch64-linux
344591096,python313Packages.allure-pytest,x86_64-linux
344591676,python313Packages.astropy-helpers,aarch64-darwin
344591660,python313Packages.astropy-helpers,aarch64-linux
344591661,python313Packages.astropy-helpers,x86_64-linux
344591947,python313Packages.autopxd2,aarch64-darwin
344591922,python313Packages.autopxd2,aarch64-linux
344591915,python313Packages.autopxd2,x86_64-linux
344593444,python313Packages.capstone_4,aarch64-darwin
344593450,python313Packages.capstone_4,aarch64-linux
344593462,python313Packages.capstone_4,x86_64-linux
344593767,python313Packages.cinemagoer,aarch64-darwin
344593773,python313Packages.cinemagoer,aarch64-linux
344593759,python313Packages.cinemagoer,x86_64-linux
344594118,python313Packages.colcon-argcomplete,aarch64-darwin
344594121,python313Packages.colcon-argcomplete,aarch64-linux
344594139,python313Packages.colcon-argcomplete,x86_64-linux
344594425,python313Packages.confight,aarch64-darwin
344594393,python313Packages.confight,aarch64-linux
344594408,python313Packages.confight,x86_64-linux
344595040,python313Packages.dataclass-csv,aarch64-darwin
344595031,python313Packages.dataclass-csv,aarch64-linux
344595027,python313Packages.dataclass-csv,x86_64-linux
344595148,python313Packages.dbt-common,x86_64-linux
344596503,python313Packages.donut-shellcode,aarch64-darwin
344596483,python313Packages.donut-shellcode,aarch64-linux
344596502,python313Packages.doublemetaphone,aarch64-darwin
344596505,python313Packages.doublemetaphone,aarch64-linux
344596504,python313Packages.doublemetaphone,x86_64-linux
344596702,python313Packages.duct-py,aarch64-darwin
344596682,python313Packages.duct-py,aarch64-linux
344596728,python313Packages.duct-py,x86_64-linux
344596906,python313Packages.editdistpy,aarch64-darwin
344596922,python313Packages.editdistpy,aarch64-linux
344596896,python313Packages.editdistpy,x86_64-linux
344596905,python313Packages.effect,aarch64-darwin
344596899,python313Packages.effect,aarch64-linux
344596915,python313Packages.effect,x86_64-linux
344597393,python313Packages.expiring-dict,aarch64-darwin
344598423,python313Packages.func-timeout,aarch64-darwin
344598705,python313Packages.gepa,aarch64-darwin
344598730,python313Packages.gepa,aarch64-linux
344598727,python313Packages.gepa,x86_64-linux
344599312,python313Packages.graphql-subscription-manager,aarch64-darwin
344600759,python313Packages.hydrogram,aarch64-darwin
344600767,python313Packages.hydrogram,aarch64-linux
344600828,python313Packages.hydrogram,x86_64-linux
344601419,python313Packages.isbnlib,aarch64-darwin
344601408,python313Packages.isbnlib,aarch64-linux
344601448,python313Packages.isbnlib,x86_64-linux
344601495,python313Packages.iterfzf,aarch64-darwin
344602549,python313Packages.latexify-py,aarch64-darwin
344602548,python313Packages.latexify-py,aarch64-linux
344602584,python313Packages.latexify-py,x86_64-linux
344603670,python313Packages.mallard-ducktype,aarch64-darwin
344603662,python313Packages.mallard-ducktype,aarch64-linux
344603637,python313Packages.mallard-ducktype,x86_64-linux
344604016,python313Packages.mergedb,aarch64-darwin
344604055,python313Packages.mergedb,aarch64-linux
344604005,python313Packages.mergedb,x86_64-linux
344604313,python313Packages.mkdocs-autolinks-plugin,aarch64-darwin
344604295,python313Packages.mkdocs-autolinks-plugin,aarch64-linux
344604301,python313Packages.mkdocs-autolinks-plugin,x86_64-linux
344604430,python313Packages.mkdocs-simple-blog,aarch64-darwin
344604440,python313Packages.mkdocs-simple-blog,aarch64-linux
344604399,python313Packages.mkdocs-simple-blog,x86_64-linux
344604606,python313Packages.monosat,aarch64-darwin
344606070,python313Packages.nanomsg-python,aarch64-darwin
344606083,python313Packages.nanomsg-python,aarch64-linux
344606069,python313Packages.nanomsg-python,x86_64-linux
344606347,python313Packages.nfcpy,aarch64-darwin
344607537,python313Packages.overpy,aarch64-darwin
344607877,python313Packages.pbar,aarch64-darwin
344607841,python313Packages.pbar,aarch64-linux
344607852,python313Packages.pbar,x86_64-linux
344608151,python313Packages.phx-class-registry,aarch64-darwin
344608152,python313Packages.phx-class-registry,aarch64-linux
344608174,python313Packages.phx-class-registry,x86_64-linux
344608861,python313Packages.property-cached,aarch64-darwin
344608863,python313Packages.property-cached,aarch64-linux
344608862,python313Packages.property-cached,x86_64-linux
344608909,python313Packages.prosemirror,aarch64-darwin
344608876,python313Packages.prosemirror,aarch64-linux
344608899,python313Packages.prosemirror,x86_64-linux
344609509,python313Packages.pybloomfilter3,aarch64-darwin
344609511,python313Packages.pybloomfilter3,aarch64-linux
344609512,python313Packages.pybloomfilter3,x86_64-linux
344609762,python313Packages.pycxx,aarch64-darwin
344609750,python313Packages.pycxx,aarch64-linux
344609757,python313Packages.pycxx,x86_64-linux
344609869,python313Packages.pydiffx,aarch64-darwin
344609889,python313Packages.pydiffx,aarch64-linux
344609877,python313Packages.pydiffx,x86_64-linux
344609969,python313Packages.pyeclib,aarch64-darwin
344610487,python313Packages.pyitachip2ir,aarch64-darwin
344611821,python313Packages.pysmbc,aarch64-darwin
344612645,python313Packages.python-constraint,aarch64-darwin
344612664,python313Packages.python-constraint,aarch64-linux
344612625,python313Packages.python-constraint,x86_64-linux
344613075,python313Packages.python-registry,aarch64-darwin
344613087,python313Packages.python-registry,aarch64-linux
344613082,python313Packages.python-registry,x86_64-linux
344613419,python313Packages.pyttsx3,aarch64-darwin
344613950,python313Packages.rapidgzip,x86_64-linux
344614057,python313Packages.raylib-python-cffi,aarch64-darwin
344614230,python313Packages.repoze-who,aarch64-darwin
344614242,python313Packages.repoze-who,aarch64-linux
344614231,python313Packages.repoze-who,x86_64-linux
344615024,python313Packages.scantree,aarch64-darwin
344615488,python313Packages.sharp-aquos-rc,aarch64-darwin
344615476,python313Packages.sharp-aquos-rc,aarch64-linux
344615538,python313Packages.sharp-aquos-rc,x86_64-linux
344616044,python313Packages.solidpython2,aarch64-darwin
344616750,python313Packages.ssort,aarch64-darwin
344616763,python313Packages.ssort,aarch64-linux
344616697,python313Packages.ssort,x86_64-linux
344616948,python313Packages.stp,aarch64-darwin
344617028,python313Packages.stp,aarch64-linux
344617044,python313Packages.stp,x86_64-linux
344617433,python313Packages.tcxparser,aarch64-darwin
344617414,python313Packages.tcxparser,aarch64-linux
344617415,python313Packages.tcxparser,x86_64-linux
344620666,python313Packages.types-dateutil,aarch64-darwin
344620682,python313Packages.types-dateutil,aarch64-linux
344620693,python313Packages.types-dateutil,x86_64-linux
344620976,python313Packages.unicurses,aarch64-darwin
344621004,python313Packages.unicurses,aarch64-linux
344621097,python313Packages.unicurses,x86_64-linux
344621271,python313Packages.usbrelay-py,aarch64-linux
344621211,python313Packages.usbrelay-py,x86_64-linux
344621507,python313Packages.vprof,aarch64-darwin
344621502,python313Packages.vprof,aarch64-linux
344621528,python313Packages.vprof,x86_64-linux
344622063,python313Packages.xdis,aarch64-darwin
344622064,python313Packages.xdis,aarch64-linux
344622067,python313Packages.xdis,x86_64-linux
344622167,python313Packages.xrootd,aarch64-darwin
344622282,python313Packages.yargy,aarch64-darwin
344622283,python313Packages.yargy,aarch64-linux
344622284,python313Packages.yargy,x86_64-linux
344622625,python313Packages.zulip-emoji-mapping,aarch64-darwin
344622610,python313Packages.zulip-emoji-mapping,aarch64-linux
344622611,python313Packages.zulip-emoji-mapping,x86_64-linux
344623419,python314Packages.aiotools,aarch64-darwin
344623459,python314Packages.aiotools,aarch64-linux
344623427,python314Packages.aiotools,x86_64-linux
344624421,python314Packages.allure-pytest,aarch64-darwin
344624403,python314Packages.allure-pytest,aarch64-linux
344624404,python314Packages.allure-pytest,x86_64-linux
344624994,python314Packages.astropy-helpers,aarch64-darwin
344624973,python314Packages.astropy-helpers,aarch64-linux
344625010,python314Packages.astropy-helpers,x86_64-linux
344625238,python314Packages.autopxd2,aarch64-darwin
344625251,python314Packages.autopxd2,aarch64-linux
344625239,python314Packages.autopxd2,x86_64-linux
344625867,python314Packages.base64io,aarch64-darwin
344625870,python314Packages.base64io,aarch64-linux
344625869,python314Packages.base64io,x86_64-linux
344626738,python314Packages.capstone_4,aarch64-darwin
344626755,python314Packages.capstone_4,aarch64-linux
344626744,python314Packages.capstone_4,x86_64-linux
344627071,python314Packages.cinemagoer,aarch64-darwin
344627083,python314Packages.cinemagoer,aarch64-linux
344627059,python314Packages.cinemagoer,x86_64-linux
344627120,python314Packages.class-doc,aarch64-darwin
344627142,python314Packages.class-doc,aarch64-linux
344627211,python314Packages.class-doc,x86_64-linux
344627401,python314Packages.colcon-argcomplete,aarch64-darwin
344627459,python314Packages.colcon-argcomplete,aarch64-linux
344627406,python314Packages.colcon-argcomplete,x86_64-linux
344627683,python314Packages.confight,aarch64-darwin
344627684,python314Packages.confight,aarch64-linux
344627685,python314Packages.confight,x86_64-linux
344628354,python314Packages.dataclass-csv,aarch64-darwin
344628315,python314Packages.dataclass-csv,aarch64-linux
344628319,python314Packages.dataclass-csv,x86_64-linux
344628702,python314Packages.devpi-server,x86_64-linux
344629739,python314Packages.donut-shellcode,aarch64-darwin
344629735,python314Packages.donut-shellcode,aarch64-linux
344629755,python314Packages.doublemetaphone,aarch64-darwin
344629757,python314Packages.doublemetaphone,aarch64-linux
344629756,python314Packages.doublemetaphone,x86_64-linux
344629950,python314Packages.duct-py,aarch64-darwin
344629996,python314Packages.duct-py,aarch64-linux
344629937,python314Packages.duct-py,x86_64-linux
344630156,python314Packages.editdistpy,aarch64-darwin
344630136,python314Packages.editdistpy,aarch64-linux
344630210,python314Packages.editdistpy,x86_64-linux
344630236,python314Packages.effect,aarch64-darwin
344630157,python314Packages.effect,aarch64-linux
344630193,python314Packages.effect,x86_64-linux
344630637,python314Packages.expiring-dict,aarch64-darwin
344631929,python314Packages.gepa,aarch64-darwin
344631955,python314Packages.gepa,aarch64-linux
344631931,python314Packages.gepa,x86_64-linux
344632699,python314Packages.graphql-subscription-manager,aarch64-darwin
344633980,python314Packages.hydrogram,aarch64-darwin
344633981,python314Packages.hydrogram,aarch64-linux
344633987,python314Packages.hydrogram,x86_64-linux
344634708,python314Packages.iterfzf,aarch64-darwin
344636835,python314Packages.mallard-ducktype,aarch64-darwin
344636856,python314Packages.mallard-ducktype,aarch64-linux
344636841,python314Packages.mallard-ducktype,x86_64-linux
344637257,python314Packages.mergedb,aarch64-darwin
344637211,python314Packages.mergedb,aarch64-linux
344637220,python314Packages.mergedb,x86_64-linux
344637511,python314Packages.mkdocs-autolinks-plugin,aarch64-darwin
344637528,python314Packages.mkdocs-autolinks-plugin,aarch64-linux
344637489,python314Packages.mkdocs-autolinks-plugin,x86_64-linux
344637624,python314Packages.mkdocs-simple-blog,aarch64-darwin
344637593,python314Packages.mkdocs-simple-blog,aarch64-linux
344637594,python314Packages.mkdocs-simple-blog,x86_64-linux
344637795,python314Packages.monosat,aarch64-darwin
344638128,python314Packages.mygpoclient,aarch64-linux
344639298,python314Packages.nanomsg-python,aarch64-darwin
344639285,python314Packages.nanomsg-python,aarch64-linux
344639269,python314Packages.nanomsg-python,x86_64-linux
344640715,python314Packages.overpy,aarch64-darwin
344641036,python314Packages.pbar,aarch64-darwin
344641025,python314Packages.pbar,aarch64-linux
344641045,python314Packages.pbar,x86_64-linux
344641332,python314Packages.phx-class-registry,aarch64-darwin
344641335,python314Packages.phx-class-registry,aarch64-linux
344641336,python314Packages.phx-class-registry,x86_64-linux
344641666,python314Packages.plum-py,aarch64-darwin
344641668,python314Packages.plum-py,aarch64-linux
344641669,python314Packages.plum-py,x86_64-linux
344642041,python314Packages.property-cached,aarch64-darwin
344642040,python314Packages.property-cached,aarch64-linux
344642042,python314Packages.property-cached,x86_64-linux
344642060,python314Packages.prosemirror,aarch64-darwin
344642116,python314Packages.prosemirror,aarch64-linux
344642053,python314Packages.prosemirror,x86_64-linux
344642711,python314Packages.pybloomfilter3,aarch64-darwin
344642712,python314Packages.pybloomfilter3,aarch64-linux
344642714,python314Packages.pybloomfilter3,x86_64-linux
344642958,python314Packages.pycxx,aarch64-darwin
344642957,python314Packages.pycxx,aarch64-linux
344642997,python314Packages.pycxx,x86_64-linux
344643009,python314Packages.pydantic-zarr,x86_64-linux
344643079,python314Packages.pydiffx,aarch64-darwin
344643085,python314Packages.pydiffx,aarch64-linux
344643088,python314Packages.pydiffx,x86_64-linux
344643164,python314Packages.pyeclib,aarch64-darwin
344643684,python314Packages.pyitachip2ir,aarch64-darwin
344645125,python314Packages.pysmbc,aarch64-darwin
344645923,python314Packages.python-constraint,aarch64-darwin
344645844,python314Packages.python-constraint,aarch64-linux
344645875,python314Packages.python-constraint,x86_64-linux
344646267,python314Packages.python-registry,aarch64-darwin
344646268,python314Packages.python-registry,aarch64-linux
344646283,python314Packages.python-registry,x86_64-linux
344646717,python314Packages.pyttsx3,aarch64-darwin
344647194,python314Packages.rapidgzip,x86_64-linux
344647182,python314Packages.raylib-python-cffi,aarch64-darwin
344647431,python314Packages.repoze-who,aarch64-darwin
344647437,python314Packages.repoze-who,aarch64-linux
344647464,python314Packages.repoze-who,x86_64-linux
344648200,python314Packages.scantree,aarch64-darwin
344648718,python314Packages.sharp-aquos-rc,aarch64-darwin
344648661,python314Packages.sharp-aquos-rc,aarch64-linux
344648680,python314Packages.sharp-aquos-rc,x86_64-linux
344649232,python314Packages.solidpython2,aarch64-darwin
344649904,python314Packages.ssort,aarch64-darwin
344649874,python314Packages.ssort,aarch64-linux
344649881,python314Packages.ssort,x86_64-linux
344650095,python314Packages.stp,aarch64-darwin
344650146,python314Packages.stp,aarch64-linux
344650125,python314Packages.stp,x86_64-linux
344650605,python314Packages.tcxparser,aarch64-darwin
344650647,python314Packages.tcxparser,aarch64-linux
344650589,python314Packages.tcxparser,x86_64-linux
344653873,python314Packages.types-dateutil,aarch64-darwin
344653998,python314Packages.types-dateutil,aarch64-linux
344654053,python314Packages.types-dateutil,x86_64-linux
344654172,python314Packages.unicurses,aarch64-darwin
344654231,python314Packages.unicurses,aarch64-linux
344654182,python314Packages.unicurses,x86_64-linux
344654395,python314Packages.usbrelay-py,aarch64-linux
344654350,python314Packages.usbrelay-py,x86_64-linux
344654680,python314Packages.vprof,aarch64-darwin
344654625,python314Packages.vprof,aarch64-linux
344654634,python314Packages.vprof,x86_64-linux
344655306,python314Packages.xrootd,aarch64-darwin
344655417,python314Packages.yargy,aarch64-darwin
344655418,python314Packages.yargy,aarch64-linux
344655420,python314Packages.yargy,x86_64-linux
344655741,python314Packages.zulip-emoji-mapping,aarch64-darwin
344655742,python314Packages.zulip-emoji-mapping,aarch64-linux
344655743,python314Packages.zulip-emoji-mapping,x86_64-linux
344655924,qemu-python-utils,aarch64-darwin
344655970,qgrep,aarch64-darwin
344656024,qmic,aarch64-darwin
344657140,rapidgzip,x86_64-linux
344657164,rappel,aarch64-linux
344657167,rarezip,aarch64-darwin
344657265,raylib-games,aarch64-darwin
344657376,rdpgw,aarch64-darwin
344657470,reaper-sws-extension,aarch64-darwin
344657774,remarkable-toolchain,x86_64-linux
344657778,remarkable2-toolchain,x86_64-linux
344658030,retdec,x86_64-linux
344658012,rethinkdb,aarch64-darwin
344658347,rkdeveloptool-pine64,aarch64-darwin
344658759,rocqPackages.dpdgraph,aarch64-darwin
344659116,rosie,aarch64-darwin
344659190,rp,aarch64-linux
344664863,rvvm,aarch64-darwin
344664977,s3fs,aarch64-darwin
344665096,sail-riscv,aarch64-darwin
344665176,samplicator,aarch64-darwin
344665560,sbclPackages.cl-gtk2-glib,aarch64-darwin
344665555,sbclPackages.cl-gtk2-glib,aarch64-linux
344666307,sbclPackages.qt-libs,aarch64-darwin
344666348,sbclPackages.qt-libs,aarch64-linux
344666302,sbclPackages.qt-libs,x86_64-linux
344666966,sct,aarch64-linux
344667463,sfcgal,aarch64-darwin
344667465,sfcgal,aarch64-linux
344667466,sfcgal,x86_64-linux
344667906,sif,aarch64-darwin
344668753,snid,aarch64-darwin
344668844,snpeff,aarch64-darwin
344669110,sosreport,aarch64-linux
344669111,sosreport,x86_64-linux
344669165,source-meta-json-schema,aarch64-darwin
344669247,spades,aarch64-darwin
344669558,spoofdpi,aarch64-darwin
344669990,sslsplit,aarch64-darwin
344670144,stargate-libcds,aarch64-darwin
344670138,stargate-libcds,aarch64-linux
344670310,steghide,aarch64-darwin
344670417,stog,aarch64-darwin
344670444,stp,aarch64-darwin
344670446,stp,aarch64-linux
344670450,stp,x86_64-linux
344670523,stripe-cli,aarch64-linux
344670812,supertuxkart-server,aarch64-darwin
344671082,sweethome3d.application,aarch64-darwin
344671166,swiftshader,aarch64-linux
344671168,swiftshader,x86_64-linux
344671459,syzkaller,aarch64-darwin
344671651,talkfilters,aarch64-darwin
344672044,tcl9Packages.tclx,aarch64-darwin
344672026,tcl9Packages.tclx,aarch64-linux
344672051,tcl9Packages.tclx,x86_64-linux
344672788,terraform-providers.kreuzwerker_docker,aarch64-darwin
344673340,tests.auto-patchelf-structured-log,aarch64-darwin
344673337,tests.auto-patchelf-structured-log,aarch64-linux
344673346,tests.build-environment-info,aarch64-linux
344673343,tests.build-environment-info,x86_64-linux
344673524,tests.cc-multilib-clang,x86_64-linux
344673506,tests.cc-wrapper.default,aarch64-darwin
344673531,tests.cc-wrapper.gccTests.gccMultiStdenv,x86_64-linux
344673526,tests.cc-wrapper.llvmTests.llvmPackages.clang,aarch64-darwin
344673557,tests.cc-wrapper.llvmTests.llvmPackages_19.clang,aarch64-darwin
344673544,tests.cc-wrapper.llvmTests.llvmPackages_19.libcxx,aarch64-darwin
344673556,tests.cc-wrapper.llvmTests.llvmPackages_20.clang,aarch64-darwin
344673548,tests.cc-wrapper.llvmTests.llvmPackages_21.clang,aarch64-darwin
344673558,tests.cc-wrapper.llvmTests.llvmPackages_22.clang,aarch64-darwin
344674309,tests.hardeningFlags-gcc.fortify3ExplicitEnabledExecTest,aarch64-darwin
344674350,tests.hardeningFlags-gcc.sfa1explicitEnabledExecTest,aarch64-darwin
344674314,tests.hardeningFlags-gcc.sfa3StdenvUnsuppDoesntUnsuppSfa1ExecTest,aarch64-darwin
344674348,tests.hardeningFlags-gcc.sfa3explicitDisabledDoesntDisableSfa1ExecTest,aarch64-darwin
344674347,tests.hardeningFlags-gcc.sfa3explicitEnabledProtectsDefLen1ExecTest,aarch64-darwin
344677840,tests.testers.hasCmakeConfigModules.eigen-does-not-have-eigen,aarch64-darwin
344678460,teyjus,aarch64-darwin
344681109,ts-warp,aarch64-darwin
344681380,turnstile,aarch64-darwin
344681772,ubridge,aarch64-darwin
344681769,ucode,aarch64-darwin
344682418,unshieldv3,aarch64-darwin
344682738,uucp,aarch64-darwin
344682818,uxn11,aarch64-darwin
344683041,vc4-newlib,aarch64-darwin
344683053,vcdimager,aarch64-darwin
344683106,vdmfec,aarch64-darwin
344683281,vesta,aarch64-darwin
344683288,vgm2x,aarch64-darwin
344684850,vixl,aarch64-darwin
344684902,vmaware,aarch64-linux
344685011,vorbisgain,aarch64-darwin
344685027,vprof,aarch64-darwin
344685024,vprof,aarch64-linux
344685025,vprof,x86_64-linux
344687319,werf,aarch64-darwin
344687396,whale,aarch64-darwin
344687678,wire-desktop,aarch64-darwin
344688507,xautocfg,aarch64-linux
344688492,xautocfg,x86_64-linux
344688587,xcbuild,aarch64-linux
344688571,xcbuild,x86_64-linux
344688606,xcodebuild,aarch64-linux
344688608,xcodebuild,x86_64-linux
344688752,xdriinfo,aarch64-darwin
344689296,xob,aarch64-darwin
344689331,xonotic-dedicated-unwrapped,aarch64-darwin
344689356,xonotic-sdl-unwrapped,aarch64-darwin
344689547,xstow,aarch64-darwin
344690689,zf,aarch64-darwin
344690764,zigfetch,aarch64-darwin
