id,name
344476073,ac-library
344476365,aerogramme
344476574,aider-chat-with-bedrock
344476575,aider-chat-with-playwright
344477580,alan_2
344477673,alibuild
344478158,anki
344478545,apache-airflow
344478481,apacheHttpdPackages.mod_tile
344479339,apkleaks
344479995,autotier
344480058,avogadro2
344480253,ax25-tools
344480302,azahar
344480326,azure-cli-extensions.acrcssc
344480330,azure-cli-extensions.aksarc
344480340,azure-cli-extensions.alias
344480366,azure-cli-extensions.arcdata
344480430,azure-cli-extensions.cloud-service
344480661,azure-cli-extensions.k8s-configuration
344480646,azure-cli-extensions.k8s-configuration
344480771,azure-cli-extensions.redisenterprise
344480811,azure-cli-extensions.serial-console
344480950,azure-sdk-for-cpp.security-attestation
344481079,baddns
344481205,barman
344481491,beadwork
344482001,beanhub-cli
344482254,biglybt
344482932,bootil
344483130,brewtarget
344483355,btrsync
344483633,bumblebee-status
344483947,cai
344484026,candle
344484256,cargo-deb
344484531,cargo-ui
344484604,casacpp
344484809,cbconvert
344484925,cdecl
344485041,celeste
344485006,celf
344485173,cfv
344486067,chickenPackages_5.chickenEggs.hypergiant
344486174,chickenPackages_5.chickenEggs.libyaml
344487297,chipsec
344487503,cie-middleware-linux
344487712,clevercsv
344487735,clfft
344487968,cloudcompare
344488489,colmap
344488680,compare50
344489007,convos
344489011,convos
344488982,copyparty-most
344489378,coq_8_7
344489365,coq_8_8
344489373,coq_8_9
344489473,corrscope
344489462,cortex-tools
344489588,cosmocc
344489613,cot
344489698,cppclean
344490272,cuneiform
344490485,cve-bin-tool
344490454,cyanrip
344490501,cyberstrike
344490759,datadog-agent
344490994,datalad-gooey
344491373,devpi-client
344491366,devpi-server
344491535,dico
344493732,easyocr
344494012,echidna
344494105,eff
344494070,egoboo
344494233,electrum
344494341,elm-land
344494347,elm-land
344494359,elmPackages.elm-doc-preview
344494489,elmPackages.elm-graphql
344494363,elmPackages.elm-verify-examples
344494342,elmPackages.elm-wrap
344494417,elmPackages.elm-xref
344494365,elmerfem
344494519,emborg
344494528,empserver
344494749,envoy
344494768,epgstation
344494955,ete-unwrapped
344495107,exatorrent
344495109,excalidraw_export
344495142,exegol4
344495349,f3d
344495694,fbv
344495705,fceux-qt6
344495712,fceux
344495790,fcron
344496613,flang
344496609,flang
344496614,flang_20
344496608,flang_20
344496619,flang_22
344496697,flatten-references-graph
344497479,flet-client-flutter
344496858,flexget
344496741,flightcore
344496868,flow
344496842,fluent-bit
344496935,fluux-messenger
344496986,fmt_10
344497001,fmt_9
344497158,font-manager
344497345,fontbakery
344497232,ford
344497311,fotema
344497474,freebsd.acpi
344497490,freebsd.acpi
344497478,freebsd.apm
344497480,freebsd.apm
344497473,freebsd.autofs
344497482,freebsd.autofs
344497484,freebsd.backlight
344497495,freebsd.backlight
344497496,freebsd.bin
344497523,freebsd.bin
344497508,freebsd.bsdlabel
344497521,freebsd.bsdlabel
344497488,freebsd.cp
344497483,freebsd.cp
344497487,freebsd.daemon
344497486,freebsd.daemon
344497494,freebsd.devctl
344497526,freebsd.devctl
344497492,freebsd.devfs
344497491,freebsd.devfs
344497512,freebsd.env
344497498,freebsd.fdisk
344497511,freebsd.freebsd_wordexp
344497509,freebsd.getent
344497520,freebsd.iconv
344497515,freebsd.id
344497621,freebsd.ifconfig
344497542,freebsd.lib80211
344497608,freebsd.libbsddialog
344497530,freebsd.libbsdxml
344497532,freebsd.libc-conf
344497539,freebsd.libdevctl
344497572,freebsd.libedit
344497552,freebsd.libgeom
344497556,freebsd.libjail
344497566,freebsd.libncurses-form
344497560,freebsd.libncurses
344497590,freebsd.locale
344497592,freebsd.logger
344497597,freebsd.makeMinimal
344497632,freebsd.newfs
344497649,freebsd.newfs_msdos
344497626,freebsd.nvmecontrol
344497653,freebsd.pwd_mkdb
344497635,freebsd.reboot
344497651,freebsd.shutdown
344497665,freebsd.stat
344497668,freebsd.statHook
344497672,freebsd.truss
344497669,freebsd.uathload
344497678,freebsd.xf86-video-scfb
344497716,freebsd.zzz
344498238,gam
344498494,gawk-with-extensions
344498551,gccNGPackages.gccNoLibgcc
344498564,gccNGPackages.gccWithLibcAndBasicLibgcc
344498574,gccNGPackages.gccWithLibssp
344498594,gccNGPackages.libgfortran
344498611,gccNGPackages.libstdcxx
344498617,gccNGPackages_15.gcc
344498630,gccNGPackages_15.gccWithLibc
344498640,gccNGPackages_15.gccWithLibgccNoCxx
344498646,gccNGPackages_15.gfortran
344498659,gccNGPackages_15.libgcc-libc
344498957,gdtoolkit_3
344499148,gerbera
344499497,ghidra-extensions.gnudisassembler
344499617,gimme-aws-creds
344499754,git-chain
344499832,git-fast-export
344499943,git-privacy
344500138,gitbeaker-cli
344500358,gittype
344500515,globus-cli
344500999,gnome-online-accounts
344503963,gnudatalanguage
344504045,gnuradioPackages.osmosdr
344504767,goobook
344505032,gossip
344505351,gradm
344505690,greenbone-feed-sync
344506366,gvfs
344506704,hashcash
344506791,haskell.compiler.microhs_0_15_4_0
344507183,haskellPackages.GOST34112012-Hash
344507508,haskellPackages.MIP
344509413,haskellPackages.aoc
344510459,haskellPackages.botan-low
344510535,haskellPackages.brillo-export
344510532,haskellPackages.brillo-rendering
344510531,haskellPackages.brillo
344511839,haskellPackages.copilot-c99
344512599,haskellPackages.dataframe-hasktorch
344513531,haskellPackages.error-codes
344513719,haskellPackages.exinst-aeson
344513712,haskellPackages.exinst-serialise
344514458,haskellPackages.g3p-hash
344514987,haskellPackages.gi-gdkx114
344515057,haskellPackages.gi-gst
344515082,haskellPackages.gi-gstaudio
344515077,haskellPackages.gi-gstbase
344515117,haskellPackages.gi-gstvideo
344516009,haskellPackages.grid-proto
344516028,haskellPackages.gtk3-mac-integration
344516517,haskellPackages.hcwiid
344516697,haskellPackages.hevm
344516785,haskellPackages.highlight
344517776,haskellPackages.huckleberry
344517875,haskellPackages.hw-ip
344517830,haskellPackages.hw-streams
344518076,haskellPackages.ihp-ide
344518882,haskellPackages.knead
344519456,haskellPackages.liquidhaskell
344519989,haskellPackages.memcache
344520971,haskellPackages.network-can
344521395,haskellPackages.nix-serve-ng
344522068,haskellPackages.pdftotext
344522132,haskellPackages.persistent-pagination
344522337,haskellPackages.pipes-zlib
344522543,haskellPackages.posix-timer
344523439,haskellPackages.rawfilepath
344523457,haskellPackages.rdtsc
344524381,haskellPackages.sdl2-mixer
344524513,haskellPackages.sequenceTools
344525289,haskellPackages.socket-icmp
344525360,haskellPackages.spacecookie
344525733,haskellPackages.store
344526550,haskellPackages.termbox-banana
344526569,haskellPackages.termbox-tea
344528333,haskellPackages.wai-middleware-metrics
344528855,haskellPackages.xmonad-utils
344529283,haskellPackages.zot
344529568,heimdall-gui
344529701,hexagonrpc
344529871,hime
344530658,httpstat
344531272,hydrus
344531792,hyprlandPlugins.hyprspace
344531813,hyprproxlock
344532064,icecast
344532304,idrisPackages.eternal
344532648,imageworsener
344533070,inkscape-extensions.inkcut
344533135,instawow
344533160,intelli-shell
344533417,inventree
344533258,ioq3-scion
344533723,itk
344533765,j2lint
344533909,jarl
344534049,jbofihe
344534349,jj-pre-push
344534571,jrl-cmakemodules-scripts
344534797,julia_110
344535129,kanagawa-icon-theme
344535317,kcat
344536733,kgt
344536817,kilo
344536926,kiwix-tools
344537387,kore
344537678,kubectl-kcl
344538051,lakefs
344538372,lanraragi
344538226,lbdb
344538346,lean
344538406,leanblueprint
344538546,leo-editor
344538674,lib45d
344539100,libcue-lang
344539368,libexecinfo
344540445,libpisp
344541021,libsForQt5.qoauth
344541092,libsForQt5.qtmpris
344541236,libserdes
344541342,libspf2
344541578,libui-ng
344542302,linphonePackages.linphone-desktop
344542434,linuxKernel.packages.linux_5_10.ecapture
344542465,linuxKernel.packages.linux_5_10.mbp2018-bridge-drv
344542500,linuxKernel.packages.linux_5_10.nvidia_x11_beta_open
344542532,linuxKernel.packages.linux_5_10.rtl8188eus-aircrack
344542571,linuxKernel.packages.linux_5_10.universal-pidff
344542613,linuxKernel.packages.linux_5_10.virtualboxGuestAdditions
344542924,linuxKernel.packages.linux_6_1.lttng-modules
344542955,linuxKernel.packages.linux_6_1.mbp2018-bridge-drv
344543019,linuxKernel.packages.linux_6_1.universal-pidff
344543113,linuxKernel.packages.linux_6_12.ecapture
344543141,linuxKernel.packages.linux_6_12.mbp2018-bridge-drv
